Age,Required Images,Current Images,Status
20,602,602,Correct
21,602,602,Correct
22,602,602,Correct
23,602,602,Correct
24,602,602,Correct
25,678,678,Correct
26,678,678,Correct
27,678,678,Correct
28,678,678,Correct
29,678,678,Correct
30,707,707,Correct
31,707,707,Correct
32,707,707,Correct
33,707,707,Correct
34,707,707,Correct
35,698,698,Correct
36,698,698,Correct
37,698,698,Correct
38,698,698,Correct
39,698,698,Correct
40,611,611,Correct
41,611,611,Correct
42,611,611,Correct
43,611,611,Correct
44,611,611,Correct
45,509,509,Correct
46,509,509,Correct
47,509,509,Correct
48,509,509,Correct
49,509,509,Correct
50,509,509,Correct
